workload	go_ops_sec	rust_ops_sec	ratio_rust_over_go	go_elapsed_ms	rust_elapsed_ms	go_filesize	rust_filesize	nosync	notes
seq_put	861797.28	1262400.98	1.465	116.04	79.21	16777216	11542528	false	n=100000 key=8 val=32
random_get	2432614.51	3150058.62	1.295	41.11	31.75	16777216	11542528	false	n=100000 key=8 val=32
cursor_scan	71014203.55	95439882.42	1.344	1.41	1.05	16777216	11542528	false	n=100000 key=8 val=32
random_put	4821.09	24456.12	5.073	20742.18	4088.96	16777216	11542528	false	n=100000 key=8 val=32
deletes	2807525.54	1256612.39	0.448	17.81	39.79	16777216	11563008	false	n=50000 key=8 val=32
one_large_tx	928147.38	1068570.15	1.151	10.77	9.36	2097152	1179648	false	n=10000 key=8 val=32
many_small_tx	11549.37	9482.66	0.821	865.85	1054.56	2097152	1191936	false	n=10000 key=8 val=32
large_value	26811.28	47145.55	1.758	372.98	212.11	139927552	123150336	false	n=10000 key=8 val=10240
seq_put_nosync	1020557.50	1429622.26	1.401	97.99	69.95	16777216	11542528	true	n=100000 key=8 val=32
